name,number,spkid,fullname,exact,status
Kashiwagi,11664.0,20011664.0,11664 Kashiwagi (1997 GX24),True,resolved
Haruna,12734.0,20012734.0,12734 Haruna (1991 UF3),True,resolved
Barnardiana,819.0,20000819.0,819 Barnardiana (A916 EA),True,resolved
Heyuan,3746.0,20003746.0,3746 Heyuan (1964 TC1),True,resolved
Tmutarakania,10012.0,20010012.0,10012 Tmutarakania (1978 RE3),True,resolved
Chernega,10005.0,20010005.0,10005 Chernega (1976 SS2),True,resolved
Tyndall,22694.0,20022694.0,22694 Tyndall (1998 QF104),True,resolved
Kerch,2216.0,20002216.0,2216 Kerch (1971 LF),True,resolved
Schlegel,12659.0,20012659.0,12659 Schlegel (1973 UR5),True,resolved
Laques,12042.0,20012042.0,12042 Laques (1997 FC),True,resolved
Bartolucci,33480.0,20033480.0,33480 Bartolucci (1999 GA1),True,resolved
Oobayashiarata,12800.0,20012800.0,12800 Oobayashiarata (1995 WQ7),True,resolved
Seydler,6586.0,20006586.0,6586 Seydler (1984 UK1),True,resolved
Ohtani Hiroshi,10138.0,20010138.0,10138 Ohtanihiroshi (1993 SS1),True,resolved
Lozino Lozinskij,17358,20017358,17358 Lozino-Lozinskij,True,resolved
Kraus,27049.0,20027049.0,27049 Kraus (1998 SB3),True,resolved
Grange,4885.0,20004885.0,4885 Grange (1980 LU),True,resolved
Andree,1296.0,20001296.0,1296 Andree (1933 WE),True,resolved
John Paul Jones,9258.0,20009258.0,9258 Johnpauljones (2137 T-2),True,resolved
Bleeker,9693.0,20009693.0,9693 Bleeker (6547 P-L),True,resolved
Angrogna,8420.0,20008420.0,8420 Angrogna (1996 WQ),True,resolved
Blaha,22442.0,20022442.0,22442 Blaha (1996 TM9),True,resolved
Bastei,26757.0,20026757.0,26757 Bastei (2001 KU17),True,resolved
Hildrun,928.0,20000928.0,928 Hildrun (A920 DC),True,resolved
Fugaku,3996.0,20003996.0,3996 Fugaku (1988 XG1),True,resolved
Schopenhauer,7015.0,20007015.0,7015 Schopenhauer (1990 QC8),True,resolved
Vorarlberg,6332.0,20006332.0,6332 Vorarlberg (1992 FP3),True,resolved
Gutemberga,777.0,20000777.0,777 Gutemberga (A914 BF),True,resolved
Paulina,278.0,20000278.0,278 Paulina (A888 KA),True,resolved
Bruns Andrej,4687.0,20004687.0,4687 Brunsandrej (1979 SJ11),True,resolved
Hohmann,9661.0,20009661.0,9661 Hohmann (1996 FU13),True,resolved
Yano,8906.0,20008906.0,8906 Yano (1995 WF2),True,resolved
Reiki,5239.0,20005239.0,5239 Reiki (1990 VC4),True,resolved
Bredichina,786.0,20000786.0,786 Bredichina (A914 HD),True,resolved
Lasorda,6128.0,20006128.0,6128 Lasorda (1989 LA),True,resolved
Rosa Hemphill,22581.0,20022581.0,22581 Rosahemphill (1998 HH77),True,resolved
Arina,3523.0,20003523.0,3523 Arina (1975 TV2),True,resolved
Delmas,11147.0,20011147.0,11147 Delmas (1997 XT5),True,resolved
Manu Boccuni,17720.0,20017720.0,17720 Manuboccuni (1997 XH10),True,resolved
Ron Neuman,17097.0,20017097.0,17097 Ronneuman (1999 JX31),True,resolved
Masaryk,1841.0,20001841.0,1841 Masaryk (1971 UO1),True,resolved
Aquamarine,11322.0,20011322.0,11322 Aquamarine (1995 QT),True,resolved
Deira,1244.0,20001244.0,1244 Deira (1932 KE),True,resolved
Waltimyer,22998.0,20022998.0,22998 Waltimyer (1999 VY70),True,resolved
Svecica,8443.0,20008443.0,8443 Svecica (4343 T-3),True,resolved
van Leverink,10965.0,20010965.0,10965 van Leverink (3297 T-1),True,resolved
Rollandia,1269.0,20001269.0,1269 Rollandia (1930 SH),True,resolved
Texereau,3765.0,20003765.0,3765 Texereau (1982 SU1),True,resolved
Tabora,721.0,20000721.0,721 Tabora (A911 UM),True,resolved
Miyama,8296.0,20008296.0,8296 Miyama (1993 AD),True,resolved
Lub,7506.0,20007506.0,7506 Lub (4837 P-L),True,resolved
Ucka,9657.0,20009657.0,9657 Ucka (1996 DG2),True,resolved
Garuda,2307.0,20002307.0,2307 Garuda (1957 HJ),True,resolved
Nemsu,24778.0,20024778.0,24778 Nemsu (1993 KW1),True,resolved
Goethe,3047.0,20003047.0,3047 Goethe (6091 P-L),True,resolved
Vilyujsk,2890.0,20002890.0,2890 Vilyujsk (1978 SY7),True,resolved
Lysistrata,897.0,20000897.0,897 Lysistrata (A918 PF),True,resolved
Mons Naklethi,20964.0,20020964.0,20964 Mons Naklethi (1977 UA),True,resolved
Kovalevskaya,1859.0,20001859.0,1859 Kovalevskaya (1972 RS2),True,resolved
Tuchkova,3803.0,20003803.0,3803 Tuchkova (1981 TP1),True,resolved
Roberto Carlos,19517.0,20019517.0,19517 Robertocarlos (1998 SK164),True,resolved
AAS,3654.0,20003654.0,3654 AAS (1949 QH1),True,resolved
Hedin,5837.0,20005837.0,5837 Hedin (2548 P-L),True,resolved
Amphitrite,29.0,20000029.0,29 Amphitrite (A854 EB),True,resolved
Hortulana,8966.0,20008966.0,8966 Hortulana (3287 T-1),True,resolved
Putignano,7665.0,20007665.0,7665 Putignano (1994 TK3),True,resolved
Mathieu,1592.0,20001592.0,1592 Mathieu (1951 LA),True,resolved
Tito,1550.0,20001550.0,1550 Tito (1937 WD),True,resolved
Haidea,368.0,20000368.0,368 Haidea (A893 KC),True,resolved
Veronica Duys,24028.0,20024028.0,24028 Veronicaduys (1999 RP182),True,resolved
Natasha Owen,13234.0,20013234.0,13234 Natashaowen (1998 FC74),True,resolved
Serkowski,2225.0,20002225.0,2225 Serkowski (6546 P-L),True,resolved
Hardy,2866.0,20002866.0,2866 Hardy (1961 TA),True,resolved
Otthild,994.0,20000994.0,994 Otthild (A923 FB),True,resolved
Baehr,26821.0,20026821.0,26821 Baehr (1988 FM1),True,resolved
Varsavia,1263.0,20001263.0,1263 Varsavia (1933 FF),True,resolved
Ramsden,8001.0,20008001.0,8001 Ramsden (1986 TR3),True,resolved
Kazakov,5544.0,20005544.0,5544 Kazakov (1978 TH6),True,resolved
Kobresia,1233.0,20001233.0,1233 Kobresia (1931 TG2),True,resolved
Mertona,1299.0,20001299.0,1299 Mertona (1934 BA),True,resolved
Laffan,16085.0,20016085.0,16085 Laffan (1999 TM27),True,resolved
Bustelli,5196.0,20005196.0,5196 Bustelli (3102 T-2),True,resolved
Zipfel,7565.0,20007565.0,7565 Zipfel (1988 RD11),True,resolved
Tedesco,2882.0,20002882.0,2882 Tedesco (1981 OG),True,resolved
Dagmar,1669.0,20001669.0,1669 Dagmar (1934 RS),True,resolved
Isko,1409.0,20001409.0,1409 Isko (1937 AK),True,resolved
Yunnan,2230.0,20002230.0,2230 Yunnan (1978 UT1),True,resolved
Botha,1354.0,20001354.0,1354 Botha (1935 GK),True,resolved
Gilson,11006.0,20011006.0,11006 Gilson (1980 TZ3),True,resolved
Yuan Longping,8117.0,20008117.0,8117 Yuanlongping (1996 SD1),True,resolved
Rhian Jones,5366.0,20005366.0,5366 Rhianjones (1981 EY30),True,resolved
Jetta,544.0,20000544.0,544 Jetta (A904 RH),True,resolved
Boris Hanin,20840.0,20020840.0,20840 Borishanin (2000 UF58),True,resolved
Detre,1538.0,20001538.0,1538 Detre (1940 RF),True,resolved
Hayachine,11129.0,20011129.0,11129 Hayachine (1996 VS5),True,resolved
Five sparks,3342.0,20003342.0,3342 Fivesparks (1982 BD3),True,resolved
Hirundo,706.0,20000706.0,706 Hirundo (A910 TF),True,resolved
Groeselenberg,16908.0,20016908.0,16908 Groeselenberg (1998 DD33),True,resolved
Tsukuba,7788.0,20007788.0,7788 Tsukuba (1994 XS),True,resolved
Tokitada,4488.0,20004488.0,4488 Tokitada (1987 UK),True,resolved
Peshekhonov,11444.0,20011444.0,11444 Peshekhonov (1978 QA2),True,resolved
Batalden,20309.0,20020309.0,20309 Batalden (1998 FD110),True,resolved
Vivek Buch,19420.0,20019420.0,19420 Vivekbuch (1998 FB54),True,resolved
Mizushima,6218.0,20006218.0,6218 Mizushima (1977 EG7),True,resolved
Inou Tadataka,9255.0,20009255.0,9255 Inoutadataka (3174 T-1),True,resolved
Xanthus,4544.0,20004544.0,4544 Xanthus (1989 FB),True,resolved
Vietoris,6966.0,20006966.0,6966 Vietoris (1991 RD5),True,resolved
Makotoirie,8574.0,20008574.0,8574 Makotoirie (1996 VC2),True,resolved
Quirk,18376.0,20018376.0,18376 Quirk (1991 SQ),True,resolved
Lallaward,8347.0,20008347.0,8347 Lallaward (1987 HK),True,resolved
Mufson,5568.0,20005568.0,5568 Mufson (1953 TS2),True,resolved
Patrick Jones,15128.0,20015128.0,15128 Patrickjones (2000 EG46),True,resolved
Yasuhiko,18818.0,20018818.0,18818 Yasuhiko (1999 MB2),True,resolved
Fujimori,8387.0,20008387.0,8387 Fujimori (1993 DO),True,resolved
Vorontsova,12191.0,20012191.0,12191 Vorontsova (1978 TT8),True,resolved
Tsawout,402920.0,20402920.0,402920 Tsawout (2007 TH142),True,resolved
Kallisto,204.0,20000204.0,204 Kallisto (A879 TA),True,resolved
Ramanlal,20837.0,20020837.0,20837 Ramanlal (2000 UX52),True,resolved
Ticha,5757.0,20005757.0,5757 Ticha (1967 JN),True,resolved
Inagaki,5824.0,20005824.0,5824 Inagaki (1989 YM),True,resolved
Amsterdam,11945.0,20011945.0,11945 Amsterdam (1993 PC5),True,resolved
Drake,9022.0,20009022.0,9022 Drake (1988 PC1),True,resolved
Scheherezade,643.0,20000643.0,643 Scheherezade (A907 RK),True,resolved
Hajdukova,9822.0,20009822.0,9822 Hajdukova (4114 T-1),True,resolved
Ristenpart,2654.0,20002654.0,2654 Ristenpart (1968 OG),True,resolved
Sokolsky,3557.0,20003557.0,3557 Sokolsky (1977 QE1),True,resolved
McGlothlin,10638.0,20010638.0,10638 McGlothlin (1998 SV54),True,resolved
Glyn Jones,5861.0,20005861.0,5861 Glynjones (1982 RW),True,resolved
Vaucluse,10927.0,20010927.0,10927 Vaucluse (1998 BB42),True,resolved
Suncar,23730.0,20023730.0,23730 Suncar (1998 HX89),True,resolved
Betti,17076.0,20017076.0,17076 Betti (1999 HO),True,resolved
Rozgaj,9813.0,20009813.0,9813 Rozgaj (1998 TP5),True,resolved
Lumiere,775.0,20000775.0,775 Lumiere (A914 AA),True,resolved
Imakiire,5432.0,20005432.0,5432 Imakiire (1988 VN),True,resolved
Petrarca,12722.0,20012722.0,12722 Petrarca (1991 PT1),True,resolved
Byelorussia,2170.0,20002170.0,2170 Byelorussia (1971 SZ),True,resolved
Nut,306367.0,20306367.0,306367 Nut (5025 P-L),True,resolved
Dunkerley,6865.0,20006865.0,6865 Dunkerley (1991 TE2),True,resolved
Vinata,2347.0,20002347.0,2347 Vinata (1936 TK),True,resolved
Munari,7599.0,20007599.0,7599 Munari (1994 PB),True,resolved
Goode,11790.0,20011790.0,11790 Goode (1978 RU),True,resolved
Worley,7011.0,20007011.0,7011 Worley (1987 SK1),True,resolved
Rawson,2854.0,20002854.0,2854 Rawson (1964 JE),True,resolved
Saragamine,6800.0,20006800.0,6800 Saragamine (1994 UC),True,resolved
Harold Connolly,6761.0,20006761.0,6761 Haroldconnolly (1981 EV19),True,resolved
Dominique,4020.0,20004020.0,4020 Dominique (1981 ET38),True,resolved
Delvaux,1848.0,20001848.0,1848 Delvaux (1933 QD),True,resolved
Heizman,4014.0,20004014.0,4014 Heizman (1979 SG10),True,resolved
Viete,31823.0,20031823.0,31823 Viete (1999 TN3),True,resolved
Duyha,20272.0,20020272.0,20272 Duyha (1998 FH33),True,resolved
Kresilas,5981.0,20005981.0,5981 Kresilas (2140 P-L),True,resolved
Wage,22562.0,20022562.0,22562 Wage (1998 HC19),True,resolved
McGetchin,2891.0,20002891.0,2891 McGetchin (1980 MD),True,resolved
Zita,689.0,20000689.0,689 Zita (A916 RB),True,resolved
Naegeli,21571.0,20021571.0,21571 Naegeli (1998 RD51),True,resolved
Nanette,5852.0,20005852.0,5852 Nanette (1991 HO),True,resolved
Escalante,5095,20005095,5095 Escalante,True,resolved
Barbi Frank,16251,20016251,16251 Barbifrank,True,resolved
Anton Schraut,20480,20020480,20480 Antonschraut,True,resolved
Jon Hodge,18117,20018117,18117 Jonhodge,True,resolved
Teharonhiawako,88611,20088611,88611 Teharonhiawako,True,resolved
Eckhout,11241,20011241,11241 Eckhout,True,resolved
Minoyama,6995,20006995,6995 Minoyama,True,resolved
Godwin,4252,20004252,4252 Godwin,True,resolved
Misa,569,20000569,569 Misa,True,resolved
Jessica Stahl,16203,20016203,16203 Jessicastahl,True,resolved
Mary Cragg,6603,20006603,6603 Marycragg,True,resolved
Choate,6474,20006474,6474 Choate,True,resolved
John Penna,17220,20017220,17220 Johnpenna,True,resolved
Clasien,5243,20005243,5243 Clasien,True,resolved
Evgeny Amosov,17173,20017173,17173 Evgenyamosov,True,resolved
Bedini,16672,20016672,16672 Bedini,True,resolved
Mispagel,19475,20019475,19475 Mispagel,True,resolved
Aisha,3584,20003584,3584 Aisha,True,resolved
Dellen,7704,20007704,7704 Dellen,True,resolved
Krat,3036,20003036,3036 Krat,True,resolved
Miune,3262,20003262,3262 Miune,True,resolved
Hodler,17486,20017486,17486 Hodler,True,resolved
Ed Stolper,7551,20007551,7551 Edstolper,True,resolved
Dardanos,18268,20018268,18268 Dardanos,True,resolved
Hagfors,7279,20007279,7279 Hagfors,True,resolved
Sodankyla,2479,20002479,2479 Sodankyla,True,resolved
Podarkes,13062,20013062,13062 Podarkes,True,resolved
Komoda,6744,20006744,6744 Komoda,True,resolved
Terni,5654,20005654,5654 Terni,True,resolved
Nelsonia,3538,20003538,3538 Nelsonia,True,resolved
Hencke,2005,20002005,2005 Hencke,True,resolved
Pyrrha,632,20000632,632 Pyrrha,True,resolved
Gert Finger,21369,20021369,21369 Gertfinger,True,resolved
Chernoby,21454,20021454,21454 Chernoby,True,resolved
Perth,3953,20003953,3953 Perth,True,resolved
Monica Lazzarin,7512,20007512,7512 Monicalazzarin,True,resolved
Swissair,2138,20002138,2138 Swissair,True,resolved
Nepryadva,2869,20002869,2869 Nepryadva,True,resolved
Nekrasov,2907,20002907,2907 Nekrasov,True,resolved
Aliante,9426,20009426,9426 Aliante,True,resolved
Petzval,3716,20003716,3716 Petzval,True,resolved
Mutsaers,12368,20012368,12368 Mutsaers,True,resolved
Shigefumi,6979,20006979,6979 Shigefumi,True,resolved
Kromeriz,31238,20031238,31238 Kromeriz,True,resolved
Ray Brown,5840,20005840,5840 Raybrown,True,resolved
Carl Turner,21647,20021647,21647 Carlturner,True,resolved
Kollaa,1929,20001929,1929 Kollaa,True,resolved
Visby,6102,20006102,6102 Visby,True,resolved
Amanda,725,20000725,725 Amanda,True,resolved
Freeman,4159,20004159,4159 Freeman,True,resolved
Ako,4797,20004797,4797 Ako,True,resolved
Prisma,1192,20001192,1192 Prisma,True,resolved
Vian,15382,20015382,15382 Vian,True,resolved
Thunberg,13982,20013982,13982 Thunberg,True,resolved
Tokiko Naruko,37786,20037786,37786 Tokikonaruko,True,resolved
Hisayo,5354,20005354,5354 Hisayo,True,resolved
Rozenblyum,16199,20016199,16199 Rozenblyum,True,resolved
Berthollet,12750,20012750,12750 Berthollet,True,resolved
Fallersleben,10740,20010740,10740 Fallersleben,True,resolved
Conrada,1528,20001528,1528 Conrada,True,resolved
Kaluga,8150,20008150,8150 Kaluga,True,resolved
Karoji,6323,20006323,6323 Karoji,True,resolved
Jennifer Fritz,13853,20013853,13853 Jenniferfritz,True,resolved
Khadzhinov,5936,20005936,5936 Khadzhinov,True,resolved
Mnemosyne,57,20000057,57 Mnemosyne,True,resolved
Fast,27719,20027719,27719 Fast,True,resolved
Boliviana,712,20000712,712 Boliviana,True,resolved
Remarque,10119,20010119,10119 Remarque,True,resolved
Bobbie Vaile,6708,20006708,6708 Bobbievaile,True,resolved
Bertola,46392,20046392,46392 Bertola,True,resolved
Massachusetts,4547,20004547,4547 Massachusetts,True,resolved
Mochihito-o,5650,20005650,5650 Mochihito-o,True,resolved
Yamada,3786,20003786,3786 Yamada,True,resolved
Janine Davis,22862,20022862,22862 Janinedavis,True,resolved
Toulouse-Lautrec,11506,20011506,11506 Toulouse-Lautrec,True,resolved
Peleus,11311,20011311,11311 Peleus,True,resolved
Saheki,4606,20004606,4606 Saheki,True,resolved
Icarus,1566,20001566,1566 Icarus,True,resolved
Bill Fyfe,15846,20015846,15846 Billfyfe,True,resolved
Shoumen,11852,20011852,11852 Shoumen,True,resolved
Reasoner,20474,20020474,20474 Reasoner,True,resolved
Basso,49501,20049501,49501 Basso,True,resolved
Fiorenza,13638,20013638,13638 Fiorenza,True,resolved
Brecher,4242,20004242,4242 Brecher,True,resolved
Dibucci,14129,20014129,14129 DiBucci,True,resolved
Kawane,9033,20009033,9033 Kawane,True,resolved
Jules Bordet,9447,20009447,9447 Julesbordet,True,resolved
Hiwatashi,10601,20010601,10601 Hiwatashi,True,resolved
Yoko Nomura,6557,20006557,6557 Yokonomura,True,resolved
Iafe,7626,20007626,7626 Iafe,True,resolved
Edy Alge,15077,20015077,15077 Edyalge,True,resolved
Rabinowitz,5040,20005040,5040 Rabinowitz,True,resolved
Madeline,2569,20002569,2569 Madeline,True,resolved
Merman,5456,20005456,5456 Merman,True,resolved
Hieronymus,24999,20024999,24999 Hieronymus,True,resolved
Yavapai,9238,20009238,9238 Yavapai,True,resolved
Uchikawa,11593,20011593,11593 Uchikawa,True,resolved
Brehm,7054,20007054,7054 Brehm,True,resolved
Thersites,1868,20001868,1868 Thersites,True,resolved
Tiflis,753,20000753,753 Tiflis,True,resolved
Allegra,11348,20011348,11348 Allegra,True,resolved
Freudenthal,9689,20009689,9689 Freudenthal,True,resolved
Sadowski,18702,20018702,18702 Sadowski,True,resolved
Helga,522,20000522,522 Helga,True,resolved
Gainsborough,8236,20008236,8236 Gainsborough,True,resolved
Jododaira,7766,20007766,7766 Jododaira,True,resolved
Shandong,2510,20002510,2510 Shandong,True,resolved
Danzl,10720,20010720,10720 Danzl,True,resolved
Qualytemocrina,5865,20005865,5865 Qualytemocrina,True,resolved
Yoshi Wat Iso,10167,20010167,10167 Yoshiwatiso,True,resolved
Voloshchuk,13009,20013009,13009 Voloshchuk,True,resolved
Sidonia,579,20000579,579 Sidonia,True,resolved
Sphinx,896,20000896,896 Sphinx,True,resolved
Heike,1732,20001732,1732 Heike,True,resolved
Irene,14,20000014,14 Irene,True,resolved
Alli Hewlett,20834,20020834,20834 Allihewlett,True,resolved
Petach,23011,20023011,23011 Petach,True,resolved
Kuga,5875,20005875,5875 Kuga,True,resolved
Ingwelde,561,20000561,561 Ingwelde,True,resolved
Porvoo,1757,20001757,1757 Porvoo,True,resolved
Jotwani,21363,20021363,21363 Jotwani,True,resolved
Anaximenes,6051,20006051,6051 Anaximenes,True,resolved
Marjaleena,2180,20002180,2180 Marjaleena,True,resolved
Herzen,3052,20003052,3052 Herzen,True,resolved
Sigeki,7203,20007203,7203 Sigeki,True,resolved
Beatrice Tinsley,3087,20003087,3087 Beatrice Tinsley,True,resolved
Milos,3337,20003337,3337 Milos,True,resolved
Bob Bell,5871,20005871,5871 Bobbell,True,resolved
Stamitz,7623,20007623,7623 Stamitz,True,resolved
Lapalma,2912,20002912,2912 Lapalma,True,resolved
Emita,481,20000481,481 Emita,True,resolved
Stubbs,11713,20011713,11713 Stubbs,True,resolved
Fantasia,1224,20001224,1224 Fantasia,True,resolved
Benckert,35229,20035229,35229 Benckert,True,resolved
Poerink,10982,20010982,10982 Poerink,True,resolved
Ceraskia,807,20000807,807 Ceraskia,True,resolved
Liia,5411,20005411,5411 Liia,True,resolved
Drew Pinsky,4536,20004536,4536 Drewpinsky,True,resolved
Bavaria,301,20000301,301 Bavaria,True,resolved
George Alexander,6400,20006400,6400 Georgealexander,True,resolved
Michael Barber,16888,20016888,16888 Michaelbarber,True,resolved
Kawakita,7504,20007504,7504 Kawakita,True,resolved
Bonsdorffia,1477,20001477,1477 Bonsdorffia,True,resolved
Porthan,2333,20002333,2333 Porthan,True,resolved
Masterman,21561,20021561,21561 Masterman,True,resolved
Jindra,3515,20003515,3515 Jindra,True,resolved
Hermann Weyl,32267,20032267,32267 Hermannweyl,True,resolved
Harimaya Bashi,2582,20002582,2582 Harimaya-Bashi,True,resolved
Kobe,8120,20008120,8120 Kobe,True,resolved
Androgeos,5027,20005027,5027 Androgeos,True,resolved
Mombasa,1428,20001428,1428 Mombasa,True,resolved
Hayashi,4771,20004771,4771 Hayashi,True,resolved
McGill,6904,20006904,6904 McGill,True,resolved
Susan Victoria,3378,20003378,3378 Susanvictoria,True,resolved
Hideo Asada,6902,20006902,6902 Hideoasada,True,resolved
Stanislav,7632,20007632,7632 Stanislav,True,resolved
Quigley,18699,20018699,18699 Quigley,True,resolved
Jansky,1932,20001932,1932 Jansky,True,resolved
Gerstner,3887,20003887,3887 Gerstner,True,resolved
Roy Traver,8817,20008817,8817 Roytraver,True,resolved
Merkord,16269,20016269,16269 Merkord,True,resolved
Ariane,1225,20001225,1225 Ariane,True,resolved
Gigli,10371,20010371,10371 Gigli,True,resolved
Noordung,19612,20019612,19612 Noordung,True,resolved
Yasuda,9230,20009230,9230 Yasuda,True,resolved
Agrius,8241,20008241,8241 Agrius,True,resolved
Arosa,1304,20001304,1304 Arosa,True,resolved
Eulalia,495,20000495,495 Eulalia,True,resolved
Trogrlic,21001,20021001,21001 Trogrlic,True,resolved
Rameau,4734,20004734,4734 Rameau,True,resolved
Geake,9298,20009298,9298 Geake,True,resolved
Augustesen,5171,20005171,5171 Augustesen,True,resolved
Jenniskens,42981,20042981,42981 Jenniskens,True,resolved
Tartu,35618,20035618,35618 Tartu,True,resolved
Piero Angela,7197,20007197,7197 Pieroangela,True,resolved
Kanagawa,17683,20017683,17683 Kanagawa,True,resolved
Peaker,14595,20014595,14595 Peaker,True,resolved
David Ying,21357,20021357,21357 Davidying,True,resolved
Kharasterteam,15898,20015898,15898 Kharasterteam,True,resolved
Gogol,2361,20002361,2361 Gogol,True,resolved
Campestris,8776,20008776,8776 Campestris,True,resolved
Alison Liu,21558,20021558,21558 Alisonliu,True,resolved
Pecorelli,7531,20007531,7531 Pecorelli,True,resolved
Kellaway,6773,20006773,6773 Kellaway,True,resolved
Gallagher,3595,20003595,3595 Gallagher,True,resolved
Matthew Lepow,23818,20023818,23818 Matthewlepow,True,resolved
Huenna,379,20000379,379 Huenna,True,resolved
Aisleen,1568,20001568,1568 Aisleen,True,resolved
MIT Lincoln,2460,20002460,2460 Mitlincoln,True,resolved
Haapavesi,4066,20004066,4066 Haapavesi,True,resolved
Otaru,4491,20004491,4491 Otaru,True,resolved
Mcdavid,17185,20017185,17185 Mcdavid,True,resolved
Haruo Mukai,5286,20005286,5286 Haruomukai,True,resolved
Elyu-Ene,24701,20024701,24701 Elyu-Ene,True,resolved
Hayakawa,4773,20004773,4773 Hayakawa,True,resolved
Srbija,1564,20001564,1564 Srbija,True,resolved
Distratis,27977,20027977,27977 Distratis,True,resolved
Olathe,18984,20018984,18984 Olathe,True,resolved
Montelimar,9383,20009383,9383 Montelimar,True,resolved
Domegge,18883,20018883,18883 Domegge,True,resolved
Bryantsev,4591,20004591,4591 Bryantsev,True,resolved
Hastrup,16589,20016589,16589 Hastrup,True,resolved
Takaji,8907,20008907,8907 Takaji,True,resolved
Hughes,1878,20001878,1878 Hughes,True,resolved
Engstrom,7548,20007548,7548 Engstrom,True,resolved
Matsumoto,6660,20006660,6660 Matsumoto,True,resolved
Vera Lynn,4214,20004214,4214 Veralynn,True,resolved
Dickens,4370,20004370,4370 Dickens,True,resolved
Cheong Ha Park,21718,20021718,21718 Cheonghapark,True,resolved
Whitfield,12863,20012863,12863 Whitfield,True,resolved
Baucis,172,20000172,172 Baucis,True,resolved
Dickinson,5272,20005272,5272 Dickinson,True,resolved
Banting,43293,20043293,43293 Banting,True,resolved
Jana Pittichova,20187,20020187,20187 Janapittichova,True,resolved
Magomaev,4980,20004980,4980 Magomaev,True,resolved
Jenik,20496,20020496,20496 Jenik,True,resolved
Kevin Yang,16221,20016221,16221 Kevinyang,True,resolved
Tomsk,4931,20004931,4931 Tomsk,True,resolved
De Maziere,9641,20009641,9641 Demaziere,True,resolved
Abilunon,24838,20024838,24838 Abilunon,True,resolved
Priscus,13653,20013653,13653 Priscus,True,resolved
Jacchia,2079,20002079,2079 Jacchia,True,resolved
Sam Thurman,13667,20013667,13667 Samthurman,True,resolved
Ponomarev,2792,20002792,2792 Ponomarev,True,resolved
Ciney,3138,20003138,3138 Ciney,True,resolved
Morikubo,6643,20006643,6643 Morikubo,True,resolved
Iku Turso,2828,20002828,2828 Iku-Turso,True,resolved
Stevenson,5211,20005211,5211 Stevenson,True,resolved
Barth,16459,20016459,16459 Barth,True,resolved
Gottesman,18668,20018668,18668 Gottesman,True,resolved
Majella,7233,20007233,7233 Majella,True,resolved
Bilk,4425,20004425,4425 Bilk,True,resolved
Teresa Swiger,24084,20024084,24084 Teresaswiger,True,resolved
Tumilty,3614,20003614,3614 Tumilty,True,resolved
Joy Hines,20376,20020376,20376 Joyhines,True,resolved
Sette,8885,20008885,8885 Sette,True,resolved
Amenhotep,4847,20004847,4847 Amenhotep,True,resolved
Dobrichovice,17600,20017600,17600 Dobrichovice,True,resolved
Cherson,2701,20002701,2701 Cherson,True,resolved
Tati,14621,20014621,14621 Tati,True,resolved
Blankenship,13841,20013841,13841 Blankenship,True,resolved
Crabeels,7763,20007763,7763 Crabeels,True,resolved
Braille,9969,20009969,9969 Braille,True,resolved
Saskia,461,20000461,461 Saskia,True,resolved
Malanin,9156,20009156,9156 Malanin,True,resolved
Ginsberg,11098,20011098,11098 Ginsberg,True,resolved
Mitaka,1088,20001088,1088 Mitaka,True,resolved
Froeschle,4732,20004732,4732 Froeschle,True,resolved
Obruchev,3128,20003128,3128 Obruchev,True,resolved
Hammonia,723,20000723,723 Hammonia,True,resolved
Buxtehude,4344,20004344,4344 Buxtehude,True,resolved
Seurat,6678,20006678,6678 Seurat,True,resolved
Fridolin,3491,20003491,3491 Fridolin,True,resolved
Somville,2455,20002455,2455 Somville,True,resolved
Formigine,11360,20011360,11360 Formigine,True,resolved
Woltjer,1795,20001795,1795 Woltjer,True,resolved
Vernon,6518,20006518,6518 Vernon,True,resolved
Stashis,7373,20007373,7373 Stashis,True,resolved
Mari Sandoz,16750,20016750,16750 Marisandoz,True,resolved
Remillieux,5695,20005695,5695 Remillieux,True,resolved
Forman,11333,20011333,11333 Forman,True,resolved
Shashlov,12593,20012593,12593 Shashlov,True,resolved
Paijanne,1535,20001535,1535 Paijanne,True,resolved
Lintingnien,20822,20020822,20822 Lintingnien,True,resolved
Alexey Baran,17193,20017193,17193 Alexeybaran,True,resolved
Montevideo,6252,20006252,6252 Montevideo,True,resolved
Monge,28766,20028766,28766 Monge,True,resolved
Amenemhet,5010,20005010,5010 Amenemhet,True,resolved
Schwob,32890,20032890,32890 Schwob,True,resolved
Dalmatin,10421,20010421,10421 Dalmatin,True,resolved
Santana,2620,20002620,2620 Santana,True,resolved
Koptelov,3968,20003968,3968 Koptelov,True,resolved
McDermott,16267,20016267,16267 Mcdermott,True,resolved
Inanda,1325,20001325,1325 Inanda,True,resolved
Pluis,134160,20134160,134160 Pluis,True,resolved
Bratijchuk,3372,20003372,3372 Bratijchuk,True,resolved
Kalbaugh,3086,20003086,3086 Kalbaugh,True,resolved
Dolores,1277,20001277,1277 Dolores,True,resolved
Namibia,1718,20001718,1718 Namibia,True,resolved
Kamikouchi,21250,20021250,21250 Kamikouchi,True,resolved
Doudleby,6060,20006060,6060 Doudleby,True,resolved
Tsukada,8156,20008156,8156 Tsukada,True,resolved
Paul Davies,6870,20006870,6870 Pauldavies,True,resolved
Deiphobus,1867,20001867,1867 Deiphobus,True,resolved
Awa,5399,20005399,5399 Awa,True,resolved
Goodricke,3116,20003116,3116 Goodricke,True,resolved
Gunma,3829,20003829,3829 Gunma,True,resolved
Capen,11696,20011696,11696 Capen,True,resolved
Buchroeder,15465,20015465,15465 Buchroeder,True,resolved
Ndola,1634,20001634,1634 Ndola,True,resolved
Schuyler,2923,20002923,2923 Schuyler,True,resolved
Jill Burnett,13845,20013845,13845 Jillburnett,True,resolved
Scheeres,8887,20008887,8887 Scheeres,True,resolved
Seimei,5541,20005541,5541 Seimei,True,resolved
Nao,13221,20013221,13221 Nao,True,resolved
Embla,4895,20004895,4895 Embla,True,resolved
Berenike,653,20000653,653 Berenike,True,resolved
Guillaume,11353,20011353,11353 Guillaume,True,resolved
Nico Brenner,21415,20021415,21415 Nicobrenner,True,resolved
Lindbloom,3865,20003865,3865 Lindbloom,True,resolved
Wentworth,20585,20020585,20585 Wentworth,True,resolved
Koukolik,10213,20010213,10213 Koukolik,True,resolved
Kristi Butler,19008,20019008,19008 Kristibutler,True,resolved
Ravel,4727,20004727,4727 Ravel,True,resolved
Kathy Finch,23010,20023010,23010 Kathyfinch,True,resolved
Kainar,14056,20014056,14056 Kainar,True,resolved
Haydee Phelps,22874,20022874,22874 Haydeephelps,True,resolved
Arago,1005,20001005,1005 Arago,True,resolved
Hicklen,11719,20011719,11719 Hicklen,True,resolved
Tomohiro,6570,20006570,6570 Tomohiro,True,resolved
Hjorter,8868,20008868,8868 Hjorter,True,resolved
Ashbrook,2157,20002157,2157 Ashbrook,True,resolved
Dommanget,3450,20003450,3450 Dommanget,True,resolved
Kalinenkov,12976,20012976,12976 Kalinenkov,True,resolved
Eriepa,3512,20003512,3512 Eriepa,True,resolved
Vojno-Yasenetsky,6161,20006161,6161 Vojno-Yasenetsky,True,resolved
Peano,9987,20009987,9987 Peano,True,resolved
Kamil,14124,20014124,14124 Kamil,True,resolved
Ivan Tsvetaev,8332,20008332,8332 Ivantsvetaev,True,resolved
Notskas,16101,20016101,16101 Notskas,True,resolved
Jubilatrix,652,20000652,652 Jubilatrix,True,resolved
Farpoint,23989,20023989,23989 Farpoint,True,resolved
Seillier,2364,20002364,2364 Seillier,True,resolved
Walinskia,1417,20001417,1417 Walinskia,True,resolved
Whitford,2301,20002301,2301 Whitford,True,resolved
Herbelin,4481,20004481,4481 Herbelin,True,resolved
Maril Peters,20580,20020580,20580 Marilpeters,True,resolved
Xenophanes,6026,20006026,6026 Xenophanes,True,resolved
Ninina,357,20000357,357 Ninina,True,resolved
Elvira,277,20000277,277 Elvira,True,resolved
Batchelor,23248,20023248,23248 Batchelor,True,resolved
Babbage,11341,20011341,11341 Babbage,True,resolved
Lubeck,5108,20005108,5108 Lubeck,True,resolved
Miyairi,14902,20014902,14902 Miyairi,True,resolved
Caslavska,26986,20026986,26986 Caslavska,True,resolved
Messalina,545,20000545,545 Messalina,True,resolved
Kissel,21450,20021450,21450 Kissel,True,resolved
Edith Muller,7265,20007265,7265 Edithmuller,True,resolved
Pillinger,15614,20015614,15614 Pillinger,True,resolved
Caverni,10591,20010591,10591 Caverni,True,resolved
Gifu,6720,20006720,6720 Gifu,True,resolved
Okhotsymskij,8062,20008062,8062 Okhotsymskij,True,resolved
Sigmund,6571,20006571,6571 Sigmund,True,resolved
Pelcak,6149,20006149,6149 Pelcak,True,resolved
Damir,5717,20005717,5717 Damir,True,resolved
Carl Rogers,17184,20017184,17184 Carlrogers,True,resolved
Broz,16244,20016244,16244 Broz,True,resolved
Arroyo,23325,20023325,23325 Arroyo,True,resolved
Rita,1180,20001180,1180 Rita,True,resolved
Miwa Block,6050,20006050,6050 Miwablock,True,resolved
Sarah Bounds,18954,20018954,18954 Sarahbounds,True,resolved
Swann,4082,20004082,4082 Swann,True,resolved
Beth Ellen,7994,20007994,7994 Bethellen,True,resolved
Vet,13479,20013479,13479 Vet,True,resolved
Lemay,16265,20016265,16265 Lemay,True,resolved
Gorizia,7675,20007675,7675 Gorizia,True,resolved
Moldavia,2419,20002419,2419 Moldavia,True,resolved
Lucubratio,3021,20003021,3021 Lucubratio,True,resolved
Martak,15376,20015376,15376 Martak,True,resolved
Bernert,21505,20021505,21505 Bernert,True,resolved
Robyn,5183,20005183,5183 Robyn,True,resolved
Cristata,8775,20008775,8775 Cristata,True,resolved
Camoes,5160,20005160,5160 Camoes,True,resolved
Koen,6330,20006330,6330 Koen,True,resolved
Wuhan,3206,20003206,3206 Wuhan,True,resolved
Barbieri,12433,20012433,12433 Barbieri,True,resolved
Kiselev,4208,20004208,4208 Kiselev,True,resolved
Buzinov,14318,20014318,14318 Buzinov,True,resolved
Thomana,1023,20001023,1023 Thomana,True,resolved
Woodard,7549,20007549,7549 Woodard,True,resolved
David Wang,21653,20021653,21653 Davidwang,True,resolved
Shchedrin,4625,20004625,4625 Shchedrin,True,resolved
Quito,10793,20010793,10793 Quito,True,resolved
Kottapalli,21547,20021547,21547 Kottapalli,True,resolved
Karl Heinz,9854,20009854,9854 Karlheinz,True,resolved
Tony Spear,6487,20006487,6487 Tonyspear,True,resolved
Sakiko,3983,20003983,3983 Sakiko,True,resolved
Burt,6078,20006078,6078 Burt,True,resolved
Salpetriere,11315,20011315,11315 Salpetriere,True,resolved
Foo,4334,20004334,4334 Foo,True,resolved
Pettarin,7258,20007258,7258 Pettarin,True,resolved
Viscome,6183,20006183,6183 Viscome,True,resolved
Phil Nicholson,7220,20007220,7220 Philnicholson,True,resolved
Enescu,9493,20009493,9493 Enescu,True,resolved
Piotrovsky,4869,20004869,4869 Piotrovsky,True,resolved
Gio,11084,20011084,11084 Gio,True,resolved
Eric Sterken,5705,20005705,5705 Ericsterken,True,resolved
Battiato,18556,20018556,18556 Battiato,True,resolved
Adele,812,20000812,812 Adele,True,resolved
Leeann Ragasa,22836,20022836,22836 Leeannragasa,True,resolved
Plzen,2613,20002613,2613 Plzen,True,resolved
Pittosporum,9306,20009306,9306 Pittosporum,True,resolved
Bernard Burke,18236,20018236,18236 Bernardburke,True,resolved
Fred Seares,11766,20011766,11766 Fredseares,True,resolved
Palzer,29148,20029148,29148 Palzer,True,resolved
Brian Taylor,11374,20011374,11374 Briantaylor,True,resolved
Tom Morgan,14395,20014395,14395 Tommorgan,True,resolved
Gene Parker,11756,20011756,11756 Geneparker,True,resolved
Shin Koyama,4498,20004498,4498 Shinkoyama,True,resolved
Rhoneranger,4934,20004934,4934 Rhoneranger,True,resolved
Tenojoki,2774,20002774,2774 Tenojoki,True,resolved
Nihon Uchu Forum,18160,20018160,18160 Nihon Uchu Forum,True,resolved
Somalia,1430,20001430,1430 Somalia,True,resolved
Ignatius,3562,20003562,3562 Ignatius,True,resolved
Cambridge,2531,20002531,2531 Cambridge,True,resolved
Vargas,29133,20029133,29133 Vargas,True,resolved
Daniel Betten,11203,20011203,11203 Danielbetten,True,resolved
Nostalgia,3162,20003162,3162 Nostalgia,True,resolved
Fitzroy,8330,20008330,8330 Fitzroy,True,resolved
Posnania,1572,20001572,1572 Posnania,True,resolved
Agelaos,4722,20004722,4722 Agelaos,True,resolved
Castillo-Rogez,11274,20011274,11274 Castillo-Rogez,True,resolved
Fuser,42747,20042747,42747 Fuser,True,resolved
Haydn,3941,20003941,3941 Haydn,True,resolved
Osaka,7434,20007434,7434 Osaka,True,resolved
Volk,6189,20006189,6189 Volk,True,resolved
Gruss,6516,20006516,6516 Gruss,True,resolved
Charton,19531,20019531,19531 Charton,True,resolved
Foshan,2789,20002789,2789 Foshan,True,resolved
Miller,1826,20001826,1826 Miller,True,resolved
Langberg,20768,20020768,20768 Langberg,True,resolved
Lucifer,1930,20001930,1930 Lucifer,True,resolved
Tomohisa,9100,20009100,9100 Tomohisa,True,resolved
Tateshina,11149,20011149,11149 Tateshina,True,resolved
Roger Byrd,7362,20007362,7362 Rogerbyrd,True,resolved
Khariton,9263,20009263,9263 Khariton,True,resolved
Alan Anderson,14158,20014158,14158 Alananderson,True,resolved
Malva,1072,20001072,1072 Malva,True,resolved
Philip de Jager,11581,20011581,11581 Philipdejager,True,resolved
Fleischer,12218,20012218,12218 Fleischer,True,resolved
Theresia,295,20000295,295 Theresia,True,resolved
Gunter Seeber,19993,20019993,19993 Gunterseeber,True,resolved
Duke,20037,20020037,20037 Duke,True,resolved
Ogilvie,3973,20003973,3973 Ogilvie,True,resolved
Ocllo,475,20000475,475 Ocllo,True,resolved
Nye,11377,20011377,11377 Nye,True,resolved
Vanessa Spini,19484,20019484,19484 Vanessaspini,True,resolved
Ludmilla,675,20000675,675 Ludmilla,True,resolved
Tom Cowling,12139,20012139,12139 Tomcowling,True,resolved
Summer Science,6962,20006962,6962 Summerscience,True,resolved
Sor,4865,20004865,4865 Sor,True,resolved
Lise,3976,20003976,3976 Lise,True,resolved
Henyey,1365,20001365,1365 Henyey,True,resolved
Bandersnatch,9780,20009780,9780 Bandersnatch,True,resolved
Syuji,4647,20004647,4647 Syuji,True,resolved
Sagan,2709,20002709,2709 Sagan,True,resolved
Owa,2648,20002648,2648 Owa,True,resolved
Takiguchi,7802,20007802,7802 Takiguchi,True,resolved
Schaifers,1742,20001742,1742 Schaifers,True,resolved
Manuilova,3186,20003186,3186 Manuilova,True,resolved
Hollis Johnson,9144,20009144,9144 Hollisjohnson,True,resolved
Hobetsu,4774,20004774,4774 Hobetsu,True,resolved
DeVeny,15818,20015818,15818 DeVeny,True,resolved
Ilse,249,20000249,249 Ilse,True,resolved
Bordovitsyna,9262,20009262,9262 Bordovitsyna,True,resolved
Kurobe,8933,20008933,8933 Kurobe,True,resolved
Michael Allen,22628,20022628,22628 Michaelallen,True,resolved
Meibom,7049,20007049,7049 Meibom,True,resolved
Wurttemberg,5904,20005904,5904 Wurttemberg,True,resolved
Franz Marc,15282,20015282,15282 Franzmarc,True,resolved
Nepoti,17652,20017652,17652 Nepoti,True,resolved
Galilea,697,20000697,697 Galilea,True,resolved
Seifert,4369,20004369,4369 Seifert,True,resolved
Perth Amboy,12465,20012465,12465 Perth Amboy,True,resolved
Chanmugam,16107,20016107,16107 Chanmugam,True,resolved
Khrennikov,4515,20004515,4515 Khrennikov,True,resolved
Burkam,14570,20014570,14570 Burkam,True,resolved
Rina Ketty,6705,20006705,6705 Rinaketty,True,resolved
Burkhead,9143,20009143,9143 Burkhead,True,resolved
Kurchenko,2349,20002349,2349 Kurchenko,True,resolved
Sherlock,5049,20005049,5049 Sherlock,True,resolved
Chacos,3984,20003984,3984 Chacos,True,resolved
Andrew Nowell,23153,20023153,23153 Andrewnowell,True,resolved
Huynh-Le,22530,20022530,22530 Huynh-Le,True,resolved
MacLean,14438,20014438,14438 MacLean,True,resolved
Shukla,12596,20012596,12596 Shukla,True,resolved
Hatty Hong,18779,20018779,18779 Hattyhong,True,resolved
Shannon,18838,20018838,18838 Shannon,True,resolved
Pullen,12519,20012519,12519 Pullen,True,resolved
Queteleta,1239,20001239,1239 Queteleta,True,resolved
Riverside,4871,20004871,4871 Riverside,True,resolved
Mohr,2971,20002971,2971 Mohr,True,resolved
Akagi,6422,20006422,6422 Akagi,True,resolved
Hainan,3024,20003024,3024 Hainan,True,resolved
Jenifer Evans,17279,20017279,17279 Jeniferevans,True,resolved
Gil Clark,6602,20006602,6602 Gilclark,True,resolved
Pia,614,20000614,614 Pia,True,resolved
Modra,11118,20011118,11118 Modra,True,resolved
David O'Connor,22603,20022603,22603 Davidoconnor,True,resolved
Mazurkiewicz,27975,20027975,27975 Mazurkiewicz,True,resolved
Icarion,11251,20011251,11251 Icarion,True,resolved
Taeve,38976,20038976,38976 Taeve,True,resolved
Mergler,18656,20018656,18656 Mergler,True,resolved
Alvema,3567,20003567,3567 Alvema,True,resolved
Kittisvaara,2679,20002679,2679 Kittisvaara,True,resolved
Zhao Jiuzhang,7811,20007811,7811 Zhaojiuzhang,True,resolved
Shinagawa,4002,20004002,4002 Shinagawa,True,resolved
Asimov,5020,20005020,5020 Asimov,True,resolved
Yurij Gromov,11826,20011826,11826 Yurijgromov,True,resolved
Calingasta,3833,20003833,3833 Calingasta,True,resolved
Sidi,36672,20036672,36672 Sidi,True,resolved
Muraoka,5124,20005124,5124 Muraoka,True,resolved
Winifred,1575,20001575,1575 Winifred,True,resolved
Nettimi,20289,20020289,20289 Nettimi,True,resolved
Pordenone,3896,20003896,3896 Pordenone,True,resolved
Yoshiko,9123,20009123,9123 Yoshiko,True,resolved
Brian Mason,12926,20012926,12926 Brianmason,True,resolved
Leslie Beh,20861,20020861,20861 Lesliebeh,True,resolved
Shuryanka,8822,20008822,8822 Shuryanka,True,resolved
Rhodope,166,20000166,166 Rhodope,True,resolved
Plitchenko,9535,20009535,9535 Plitchenko,True,resolved
KLENOT,42377,20042377,42377 KLENOT,True,resolved
Akimoto Hiro,11928,20011928,11928 Akimotohiro,True,resolved
Costitx,20140,20020140,20140 Costitx,True,resolved
Elizabeth Baker,15566,20015566,15566 Elizabethbaker,True,resolved
Eurydike,75,20000075,75 Eurydike,True,resolved
Wodan,2155,20002155,2155 Wodan,True,resolved
Hetherington,6127,20006127,6127 Hetherington,True,resolved
Clinch,16150,20016150,16150 Clinch,True,resolved
Oribe,7489,20007489,7489 Oribe,True,resolved
Wacker,12861,20012861,12861 Wacker,True,resolved
Jorvik,16083,20016083,16083 Jorvik,True,resolved
Kumamori,8104,20008104,8104 Kumamori,True,resolved
Toya,6990,20006990,6990 Toya,True,resolved
Panthoos,4754,20004754,4754 Panthoos,True,resolved
Horodyskyj,11720,20011720,11720 Horodyskyj,True,resolved
Potapov,13480,20013480,13480 Potapov,True,resolved
Korinthos,4357,20004357,4357 Korinthos,True,resolved
Nicholas Rapp,19425,20019425,19425 Nicholasrapp,True,resolved
Ratai,21724,20021724,21724 Ratai,True,resolved
Kakhovka,2894,20002894,2894 Kakhovka,True,resolved
Prinz,4595,20004595,4595 Prinz,True,resolved
Andre Ivanov,5761,20005761,5761 Andreivanov,True,resolved
Monier,19603,20019603,19603 Monier,True,resolved
Vasilev,3930,20003930,3930 Vasilev,True,resolved
Polepeddi,21584,20021584,21584 Polepeddi,True,resolved
Mauritia,745,20000745,745 Mauritia,True,resolved
Lori Bragg,37692,20037692,37692 Loribragg,True,resolved
Denise Livon,33478,20033478,33478 Deniselivon,True,resolved
Cellarius,12618,20012618,12618 Cellarius,True,resolved
Gregaria,8974,20008974,8974 Gregaria,True,resolved
Fireman,4231,20004231,4231 Fireman,True,resolved
Vishnevskaya,4919,20004919,4919 Vishnevskaya,True,resolved
Termain,44027,20044027,44027 Termain,True,resolved
Olmstead,3287,20003287,3287 Olmstead,True,resolved
Shabas,15427,20015427,15427 Shabas,True,resolved
Betankur,11446,20011446,11446 Betankur,True,resolved
Antoku,3686,20003686,3686 Antoku,True,resolved
Nash,3619,20003619,3619 Nash,True,resolved
Schmoll,6295,20006295,6295 Schmoll,True,resolved
Titulaer,12133,20012133,12133 Titulaer,True,resolved
Reiner Stoss,7689,20007689,7689 Reinerstoss,True,resolved
Leonmis,29464,20029464,29464 Leonmis,True,resolved
Luigi Bussolino,14947,20014947,14947 Luigibussolino,True,resolved
Horky,3137,20003137,3137 Horky,True,resolved
Mad hatter,6735,20006735,6735 Madhatter,True,resolved
Spurny,13774,20013774,13774 Spurny,True,resolved
Arpigny,4696,20004696,4696 Arpigny,True,resolved
Minowa,7068,20007068,7068 Minowa,True,resolved
Goloseevo,15675,20015675,15675 Goloseevo,True,resolved
Joseph Henry,21519,20021519,21519 Josephhenry,True,resolved
Jessica Miles,13320,20013320,13320 Jessicamiles,True,resolved
Akhmerov,5101,20005101,5101 Akhmerov,True,resolved
Heinrich Kayser,10509,20010509,10509 Heinrichkayser,True,resolved
Altaj,2232,20002232,2232 Altaj,True,resolved
Steinmetz,1681,20001681,1681 Steinmetz,True,resolved
Ellyett,5378,20005378,5378 Ellyett,True,resolved
Lorgat,23122,20023122,23122 Lorgat,True,resolved
Akira Ohta,9865,20009865,9865 Akiraohta,True,resolved
Boris Alexeev,19855,20019855,19855 Borisalexeev,True,resolved
Suzy Amamoto,22140,20022140,22140 Suzyamamoto,True,resolved
Nolli,473,20000473,473 Nolli,True,resolved
Mosigkau,39405,20039405,39405 Mosigkau,True,resolved
Sinatra,7934,20007934,7934 Sinatra,True,resolved
Pilishvili,21720,20021720,21720 Pilishvili,True,resolved
Jensch,3245,20003245,3245 Jensch,True,resolved
Piedade,11912,20011912,11912 Piedade,True,resolved
Risoldi,34696,20034696,34696 Risoldi,True,resolved
Rosseven,8814,20008814,8814 Rosseven,True,resolved
Phegeus,30704,20030704,30704 Phegeus,True,resolved
Metzger,18789,20018789,18789 Metzger,True,resolved
Podosek,7455,20007455,7455 Podosek,True,resolved
Brett,6179,20006179,6179 Brett,True,resolved
David Kulka,20557,20020557,20557 Davidkulka,True,resolved
Izenberg,5584,20005584,5584 Izenberg,True,resolved
Sara,533,20000533,533 Sara,True,resolved
Setvak,7846,20007846,7846 Setvak,True,resolved
Gordon Su,20298,20020298,20298 Gordonsu,True,resolved
Shura,1977,20001977,1977 Shura,True,resolved
Haug,2407,20002407,2407 Haug,True,resolved
Armenia,780,20000780,780 Armenia,True,resolved
Tucholsky,12401,20012401,12401 Tucholsky,True,resolved
Davydov,3126,20003126,3126 Davydov,True,resolved
Monroe,3768,20003768,3768 Monroe,True,resolved
Konovalenko,18121,20018121,18121 Konovalenko,True,resolved
Maehara,8036,20008036,8036 Maehara,True,resolved
Chumakov,5465,20005465,5465 Chumakov,True,resolved
Marilyn,1486,20001486,1486 Marilyn,True,resolved
Liu,6743,20006743,6743 Liu,True,resolved
Zeldovich,11438,20011438,11438 Zeldovich,True,resolved
Tsumura,7443,20007443,7443 Tsumura,True,resolved
Sthenelos,3794,20003794,3794 Sthenelos,True,resolved
Wujek,3987,20003987,3987 Wujek,True,resolved
Helewalda,1845,20001845,1845 Helewalda,True,resolved
Hela,699,20000699,699 Hela,True,resolved
Hempel,9820,20009820,9820 Hempel,True,resolved
Finkelstein,5706,20005706,5706 Finkelstein,True,resolved
Celsius,4169,20004169,4169 Celsius,True,resolved
Pezinok,11636,20011636,11636 Pezinok,True,resolved
Gurnemanz,9510,20009510,9510 Gurnemanz,True,resolved
Fraethi,6085,20006085,6085 Fraethi,True,resolved
Yeates,3689,20003689,3689 Yeates,True,resolved
Oze,7358,20007358,7358 Oze,True,resolved
Zhang Yizhong,21825,20021825,21825 Zhangyizhong,True,resolved
Guetter,13328,20013328,13328 Guetter,True,resolved
Kibi,3319,20003319,3319 Kibi,True,resolved
Tom Hanks,12818,20012818,12818 Tomhanks,True,resolved
Forsius,3223,20003223,3223 Forsius,True,resolved
Diomedes,1437,20001437,1437 Diomedes,True,resolved
Lodewijk,3377,20003377,3377 Lodewijk,True,resolved
Gretry,3280,20003280,3280 Gretry,True,resolved
Zembsch-Schreve,10834,20010834,10834 Zembsch-Schreve,True,resolved
Aaron Golden,11451,20011451,11451 Aarongolden,True,resolved
Nagler,10715,20010715,10715 Nagler,True,resolved
Chushuho,4988,20004988,4988 Chushuho,True,resolved
Ipatov,14360,20014360,14360 Ipatov,True,resolved
Latona,639,20000639,639 Latona,True,resolved
Butov,13049,20013049,13049 Butov,True,resolved
Bob Gent,10498,20010498,10498 Bobgent,True,resolved
Pistoria,8051,20008051,8051 Pistoria,True,resolved
Ed Schneider,13077,20013077,13077 Edschneider,True,resolved
Yoshimitsu,8946,20008946,8946 Yoshimitsu,True,resolved
Nigricollis,8751,20008751,8751 Nigricollis,True,resolved
Kwee,4646,20004646,4646 Kwee,True,resolved
John Euller,6452,20006452,6452 Johneuller,True,resolved
Oleg Bykov,7726,20007726,7726 Olegbykov,True,resolved
Jancis,5420,20005420,5420 Jancis,True,resolved
Isa,1485,20001485,1485 Isa,True,resolved
Versailles,6268,20006268,6268 Versailles,True,resolved
Chynov,43954,20043954,43954 Chynov,True,resolved
Kaverin,1976,20001976,1976 Kaverin,True,resolved
Arlot,17893,20017893,17893 Arlot,True,resolved
Astapovich,2408,20002408,2408 Astapovich,True,resolved
Fujii Ekio,11255,20011255,11255 Fujiiekio,True,resolved
Chen Qian,3560,20003560,3560 Chenqian,True,resolved
Narahara,15716,20015716,15716 Narahara,True,resolved
Takeshima,5179,20005179,5179 Takeshima,True,resolved
Mutchler,6815,20006815,6815 Mutchler,True,resolved
Vizbor,3260,20003260,3260 Vizbor,True,resolved
Tillandz,3272,20003272,3272 Tillandz,True,resolved
Perrotin,1515,20001515,1515 Perrotin,True,resolved
Gold,4955,20004955,4955 Gold,True,resolved
Drew,23452,20023452,23452 Drew,True,resolved
Daniel Litt,21557,20021557,21557 Daniellitt,True,resolved
Hans de Rijk,11245,20011245,11245 Hansderijk,True,resolved
Mitau,24709,20024709,24709 Mitau,True,resolved
Bauhaus,8502,20008502,8502 Bauhaus,True,resolved
Yuudurunosato,20204,20020204,20204 Yuudurunosato,True,resolved
Jankovich,6589,20006589,6589 Jankovich,True,resolved
Kirkland,19589,20019589,19589 Kirkland,True,resolved
Heard,3023,20003023,3023 Heard,True,resolved
Haumea,136108,20136108,136108 Haumea,True,resolved
Pierralba,11401,20011401,11401 Pierralba,True,resolved
Steven Simpson,10596,20010596,10596 Stevensimpson,True,resolved
Fogelin,2181,20002181,2181 Fogelin,True,resolved
Pollock,5800,20005800,5800 Pollock,True,resolved
Zoshchenko,5759,20005759,5759 Zoshchenko,True,resolved
Layn Richards,22138,20022138,22138 Laynrichards,True,resolved
Aldrin,6470,20006470,6470 Aldrin,True,resolved
Runrun Shaw,2899,20002899,2899 Runrun Shaw,True,resolved
Makover,1771,20001771,1771 Makover,True,resolved
Ruhmkorff,15273,20015273,15273 Ruhmkorff,True,resolved
Briseis,655,20000655,655 Briseis,True,resolved
Gulyaev,6783,20006783,6783 Gulyaev,True,resolved
Servius,21311,20021311,21311 Servius,True,resolved
Holasovice,6064,20006064,6064 Holasovice,True,resolved
Bratfest,7887,20007887,7887 Bratfest,True,resolved
Klimesh,19763,20019763,19763 Klimesh,True,resolved
Poul Anderson,7758,20007758,7758 Poulanderson,True,resolved
Oburka,15870,20015870,15870 Oburka,True,resolved
Gramme,2666,20002666,2666 Gramme,True,resolved
Webster,12431,20012431,12431 Webster,True,resolved
Dodo,6336,20006336,6336 Dodo,True,resolved
Wolfgang Pauli,13093,20013093,13093 Wolfgangpauli,True,resolved
Angelica Liu,20643,20020643,20643 Angelicaliu,True,resolved
Raissa,1137,20001137,1137 Raissa,True,resolved
Saldanha,1456,20001456,1456 Saldanha,True,resolved
Pitter,48785,20048785,48785 Pitter,True,resolved
Terkan,31872,20031872,31872 Terkan,True,resolved
Heimlich,10637,20010637,10637 Heimlich,True,resolved
Sierra,12598,20012598,12598 Sierra,True,resolved
Kakabadze,5270,20005270,5270 Kakabadze,True,resolved
Yurlov,7558,20007558,7558 Yurlov,True,resolved
Pamela Tsai,21474,20021474,21474 Pamelatsai,True,resolved
Fuchie,7891,20007891,7891 Fuchie,True,resolved
Morse,8672,20008672,8672 Morse,True,resolved
Shmakova,1833,20001833,1833 Shmakova,True,resolved
Bec-Borsenberger,7333,20007333,7333 Bec-Borsenberger,True,resolved
Bill Allen,10967,20010967,10967 Billallen,True,resolved
Philagoria,274,20000274,274 Philagoria,True,resolved
Semele,86,20000086,86 Semele,True,resolved
Fanny,821,20000821,821 Fanny,True,resolved
Blumenthal,21414,20021414,21414 Blumenthal,True,resolved
Nachbaur,20288,20020288,20288 Nachbaur,True,resolved
Chiardola,21511,20021511,21511 Chiardola,True,resolved
Chenier,12701,20012701,12701 Chenier,True,resolved
Weerstra,5151,20005151,5151 Weerstra,True,resolved
Kryl,7226,20007226,7226 Kryl,True,resolved
Hamura,14226,20014226,14226 Hamura,True,resolved
Agafonov,14042,20014042,14042 Agafonov,True,resolved
Kakinchan,23165,20023165,23165 Kakinchan,True,resolved
McEwen,7750,20007750,7750 McEwen,True,resolved
Zoya Mironova,7003,20007003,7003 Zoyamironova,True,resolved
Daedalus,1864,20001864,1864 Daedalus,True,resolved
Akashi,5881,20005881,5881 Akashi,True,resolved
Frank Shu,18238,20018238,18238 Frankshu,True,resolved
Hicks,2220,20002220,2220 Hicks,True,resolved
Pachelbel,4972,20004972,4972 Pachelbel,True,resolved
Bergstralh,14596,20014596,14596 Bergstralh,True,resolved
Cosette,915,20000915,915 Cosette,True,resolved
Frechet,21537,20021537,21537 Frechet,True,resolved
Deconihout,13395,20013395,13395 Deconihout,True,resolved
Leifer,18826,20018826,18826 Leifer,True,resolved
Molster,11426,20011426,11426 Molster,True,resolved
Illapa,37655,20037655,37655 Illapa,True,resolved
McFarland,21455,20021455,21455 Mcfarland,True,resolved
Benita,45737,20045737,45737 Benita,True,resolved
Rubicon,11302,20011302,11302 Rubicon,True,resolved
Fennimore,7708,20007708,7708 Fennimore,True,resolved
Pumma,1209,20001209,1209 Pumma,True,resolved
Lubin,20285,20020285,20285 Lubin,True,resolved
Cyril Tyson,90450,20090450,90450 Cyriltyson,True,resolved
Hoshizawa,16624,20016624,16624 Hoshizawa,True,resolved
Brian King,22057,20022057,22057 Brianking,True,resolved
Hergiani,3234,20003234,3234 Hergiani,True,resolved
Lane Cline,22167,20022167,22167 Lane-Cline,True,resolved
Funakoshi,9842,20009842,9842 Funakoshi,True,resolved
Waltraut,890,20000890,890 Waltraut,True,resolved
Shakura,14322,20014322,14322 Shakura,True,resolved
Vives,11363,20011363,11363 Vives,True,resolved
Schonbein,19992,20019992,19992 Schonbein,True,resolved
Glasser,19719,20019719,19719 Glasser,True,resolved
Arthur Dent,18610,20018610,18610 Arthurdent,True,resolved
Deborah,541,20000541,541 Deborah,True,resolved
Manyousyu,7104,20007104,7104 Manyousyu,True,resolved
Amanda Nagy,19467,20019467,19467 Amandanagy,True,resolved
Kenwill,14075,20014075,14075 Kenwill,True,resolved
Italo Calvino,22370,20022370,22370 Italocalvino,True,resolved
Silvretta,1317,20001317,1317 Silvretta,True,resolved
Jessop,21543,20021543,21543 Jessop,True,resolved
Tamao,31061,20031061,31061 Tamao,True,resolved
Maureen Bell,5644,20005644,5644 Maureenbell,True,resolved
Stellaris,8589,20008589,8589 Stellaris,True,resolved
Williwaw,5445,20005445,5445 Williwaw,True,resolved
Sumerkin,15220,20015220,15220 Sumerkin,True,resolved
Priscilla,2137,20002137,2137 Priscilla,True,resolved
Yurkanin,21818,20021818,21818 Yurkanin,True,resolved
Jakubisin,20377,20020377,20377 Jakubisin,True,resolved
Patroclus,617,20000617,617 Patroclus,True,resolved
Antigone,129,20000129,129 Antigone,True,resolved
Susan Smith,22992,20022992,22992 Susansmith,True,resolved
Noto,20625,20020625,20625 Noto,True,resolved
Zhuhai,2903,20002903,2903 Zhuhai,True,resolved
Bunichi,6722,20006722,6722 Bunichi,True,resolved
Hibiki,11494,20011494,11494 Hibiki,True,resolved
Yoji Kondo,8072,20008072,8072 Yojikondo,True,resolved
Ohtaki,2960,20002960,2960 Ohtaki,True,resolved
Linsley,3474,20003474,3474 Linsley,True,resolved
Lavonne,1401,20001401,1401 Lavonne,True,resolved
Fabini,3645,20003645,3645 Fabini,True,resolved
Kokkola,1522,20001522,1522 Kokkola,True,resolved
Fourcroy,13180,20013180,13180 Fourcroy,True,resolved
JinJu Yi,23283,20023283,23283 Jinjuyi,True,resolved
Nikolaev,8141,20008141,8141 Nikolaev,True,resolved
Kerstin,842,20000842,842 Kerstin,True,resolved
Larry Smith,14598,20014598,14598 Larrysmith,True,resolved
Valencia,5941,20005941,5941 Valencia,True,resolved
Shinken Wada,9745,20009745,9745 Shinkenwada,True,resolved
Kuragano,10326,20010326,10326 Kuragano,True,resolved
Abnoba,456,20000456,456 Abnoba,True,resolved
Santagata,22161,20022161,22161 Santagata,True,resolved
Susan Lederer,19017,20019017,19017 Susanlederer,True,resolved
Nunes,5313,20005313,5313 Nunes,True,resolved
Ops,2736,20002736,2736 Ops,True,resolved
Ingres,12611,20012611,12611 Ingres,True,resolved
Bill Harper,15849,20015849,15849 Billharper,True,resolved
Kuma,6255,20006255,6255 Kuma,True,resolved
Baur,11673,20011673,11673 Baur,True,resolved
Koikeda,49702,20049702,49702 Koikeda,True,resolved
Lugduna,1133,20001133,1133 Lugduna,True,resolved
Druyan,4970,20004970,4970 Druyan,True,resolved
Messiaen,11050,20011050,11050 Messiaen,True,resolved
Stodola,3981,20003981,3981 Stodola,True,resolved
Xenophon,5986,20005986,5986 Xenophon,True,resolved
Byrd,3505,20003505,3505 Byrd,True,resolved
Hardister,24062,20024062,24062 Hardister,True,resolved
Villarreal,22840,20022840,22840 Villarreal,True,resolved
Pest,6817,20006817,6817 Pest,True,resolved
Palepu,17970,20017970,17970 Palepu,True,resolved
Perry Rose,9637,20009637,9637 Perryrose,True,resolved
Herberta,1363,20001363,1363 Herberta,True,resolved
Viseggi,36033,20036033,36033 Viseggi,True,resolved
Molchan,20570,20020570,20570 Molchan,True,resolved
Baker,2549,20002549,2549 Baker,True,resolved
Yancey,19664,20019664,19664 Yancey,True,resolved
Hitchcock,7032,20007032,7032 Hitchcock,True,resolved
Flag Symphony,6582,20006582,6582 Flagsymphony,True,resolved
Velez,4338,20004338,4338 Velez,True,resolved
Ronald Sayer,17853,20017853,17853 Ronaldsayer,True,resolved
Schroter,3707,20003707,3707 Schroter,True,resolved
Lothar,7688,20007688,7688 Lothar,True,resolved
Krinov,2887,20002887,2887 Krinov,True,resolved
Brachyrhynchus,8433,20008433,8433 Brachyrhynchus,True,resolved
Zoser,4907,20004907,4907 Zoser,True,resolved
Mundaca,17090,20017090,17090 Mundaca,True,resolved
Lucienne,1892,20001892,1892 Lucienne,True,resolved
Slovenija,9674,20009674,9674 Slovenija,True,resolved
Berenyi,5694,20005694,5694 Berenyi,True,resolved
Benzenberg,6734,20006734,6734 Benzenberg,True,resolved
Croatia,589,20000589,589 Croatia,True,resolved
Storeria,1386,20001386,1386 Storeria,True,resolved
Niilo,2972,20002972,2972 Niilo,True,resolved
Johannes,9300,20009300,9300 Johannes,True,resolved
Zelia,169,20000169,169 Zelia,True,resolved
Yarilo,2273,20002273,2273 Yarilo,True,resolved
Kenway,17046,20017046,17046 Kenway,True,resolved
Althaea,119,20000119,119 Althaea,True,resolved
Xenia,625,20000625,625 Xenia,True,resolved
White knight,17612,20017612,17612 Whiteknight,True,resolved
Brunier,10943,20010943,10943 Brunier,True,resolved
Harvey,4278,20004278,4278 Harvey,True,resolved
Sackler,7690,20007690,7690 Sackler,True,resolved
Inoda,5484,20005484,5484 Inoda,True,resolved
Satoshi,14927,20014927,14927 Satoshi,True,resolved
Ishajain,23067,20023067,23067 Ishajain,True,resolved
Hanskya,1118,20001118,1118 Hanskya,True,resolved
Mackey,43793,20043793,43793 Mackey,True,resolved
Komm,39741,20039741,39741 Komm,True,resolved
Schleiden,37584,20037584,37584 Schleiden,True,resolved
Dolby,14223,20014223,14223 Dolby,True,resolved
Anton Graff,27864,20027864,27864 Antongraff,True,resolved
Battaglini,8155,20008155,8155 Battaglini,True,resolved
Neukum,6150,20006150,6150 Neukum,True,resolved
Lonnie Linda,34137,20034137,34137 Lonnielinda,True,resolved
Tim Warner,4056,20004056,4056 Timwarner,True,resolved
Mineo Saito,8531,20008531,8531 Mineosaito,True,resolved
Coradini,4598,20004598,4598 Coradini,True,resolved
Alex Levin,15032,20015032,15032 Alexlevin,True,resolved
Craig Wallace,18192,20018192,18192 Craigwallace,True,resolved
Cavalieri,18059,20018059,18059 Cavalieri,True,resolved
Houston,3031,20003031,3031 Houston,True,resolved
Izsak,1546,20001546,1546 Izsak,True,resolved
Alcathous,2241,20002241,2241 Alcathous,True,resolved
Marila,8438,20008438,8438 Marila,True,resolved
Kagekatu,11623,20011623,11623 Kagekatu,True,resolved
Savalle,10907,20010907,10907 Savalle,True,resolved
Cusinato,48737,20048737,48737 Cusinato,True,resolved
Makio,4904,20004904,4904 Makio,True,resolved
Scarlatti,6480,20006480,6480 Scarlatti,True,resolved
Kurt Wahl,16874,20016874,16874 Kurtwahl,True,resolved
Psyche,16,20000016,16 Psyche,True,resolved
Lisbeth,5320,20005320,5320 Lisbeth,True,resolved
Weidenschilling,3639,20003639,3639 Weidenschilling,True,resolved
Primula,970,20000970,970 Primula,True,resolved
YORP,54509,20054509,54509 YORP,True,resolved
Parvulesco,2331,20002331,2331 Parvulesco,True,resolved
Pippa,648,20000648,648 Pippa,True,resolved
Pergolesi,7622,20007622,7622 Pergolesi,True,resolved
Nerina,1318,20001318,1318 Nerina,True,resolved
Muschi,966,20000966,966 Muschi,True,resolved
Podalirius,4086,20004086,4086 Podalirius,True,resolved
Anastroda,20477,20020477,20477 Anastroda,True,resolved
Kindleberger,42354,20042354,42354 Kindleberger,True,resolved
Cagney,6377,20006377,6377 Cagney,True,resolved
Miwa,8855,20008855,8855 Miwa,True,resolved
Reaves,3007,20003007,3007 Reaves,True,resolved
Derevskaya,2400,20002400,2400 Derevskaya,True,resolved
Pryor,3059,20003059,3059 Pryor,True,resolved
Kvasnica,4190,20004190,4190 Kvasnica,True,resolved
Greta DeVries,10658,20010658,10658 Gretadevries,True,resolved
Linzia,1469,20001469,1469 Linzia,True,resolved
Cowenco,24308,20024308,24308 Cowenco,True,resolved
Bouchet,4313,20004313,4313 Bouchet,True,resolved
Buie,7553,20007553,7553 Buie,True,resolved
Gouka,9708,20009708,9708 Gouka,True,resolved
Nordlingen,5725,20005725,5725 Nordlingen,True,resolved
Biblioran,30722,20030722,30722 Biblioran,True,resolved
Kiso,2271,20002271,2271 Kiso,True,resolved
Mittlefehldt,5760,20005760,5760 Mittlefehldt,True,resolved
Marsha Sega,19815,20019815,19815 Marshasega,True,resolved
Niebuhr,3284,20003284,3284 Niebuhr,True,resolved
Nieuwenhuis,7541,20007541,7541 Nieuwenhuis,True,resolved
Arenda,1502,20001502,1502 Arenda,True,resolved
Lully,8676,20008676,8676 Lully,True,resolved
James Hesser,39791,20039791,39791 Jameshesser,True,resolved
Katayama,8527,20008527,8527 Katayama,True,resolved
Coleman Hawkins,8147,20008147,8147 Colemanhawkins,True,resolved
Chaplygin,4032,20004032,4032 Chaplygin,True,resolved
La fiascaia,35703,20035703,35703 Lafiascaia,True,resolved
Kemstach,3675,20003675,3675 Kemstach,True,resolved
Foros,7629,20007629,7629 Foros,True,resolved
Herb Hauptman,9931,20009931,9931 Herbhauptman,True,resolved
Link,3550,20003550,3550 Link,True,resolved
Kasahara,7133,20007133,7133 Kasahara,True,resolved
Kliment Ohridski,3903,20003903,3903 Kliment Ohridski,True,resolved
Patientia,451,20000451,451 Patientia,True,resolved
Dick Smith,17269,20017269,17269 Dicksmith,True,resolved
Yoshiya,7257,20007257,7257 Yoshiya,True,resolved
Cambier,23779,20023779,23779 Cambier,True,resolved
Kwak,23324,20023324,23324 Kwak,True,resolved
Ivanka,8573,20008573,8573 Ivanka,True,resolved
Bidelman,9398,20009398,9398 Bidelman,True,resolved
Leavitt,5383,20005383,5383 Leavitt,True,resolved
Rumoi,5139,20005139,5139 Rumoi,True,resolved
Geoffrey Woo,21714,20021714,21714 Geoffreywoo,True,resolved
Grubba,1058,20001058,1058 Grubba,True,resolved
Antonio Leone,16744,20016744,16744 Antonioleone,True,resolved
Reiji,6565,20006565,6565 Reiji,True,resolved
Yamatai,4929,20004929,4929 Yamatai,True,resolved
Hopmann,1985,20001985,1985 Hopmann,True,resolved
Stalingrad,2250,20002250,2250 Stalingrad,True,resolved
CCD,15000,20015000,15000 CCD,True,resolved
Kirghizia,2566,20002566,2566 Kirghizia,True,resolved
Tomatic,7767,20007767,7767 Tomatic,True,resolved
Balster,5610,20005610,5610 Balster,True,resolved
Katsuno,9067,20009067,9067 Katsuno,True,resolved
Clapas,31110,20031110,31110 Clapas,True,resolved
Holstein,6402,20006402,6402 Holstein,True,resolved
Haigha,17746,20017746,17746 Haigha,True,resolved
Innanen,3497,20003497,3497 Innanen,True,resolved
Poutanen,3760,20003760,3760 Poutanen,True,resolved
Zvezdotchet,6465,20006465,6465 Zvezdotchet,True,resolved
Buck Jean,12583,20012583,12583 Buckjean,True,resolved
Sabrina John,4160,20004160,4160 Sabrina-John,True,resolved
Jepe Jacobsen,12352,20012352,12352 Jepejacobsen,True,resolved
Muraviov,6538,20006538,6538 Muraviov,True,resolved
Kamel,4254,20004254,4254 Kamel,True,resolved
Cogshall,1764,20001764,1764 Cogshall,True,resolved
Vydra,21290,20021290,21290 Vydra,True,resolved
Mineura,1458,20001458,1458 Mineura,True,resolved
Yoritomo,3902,20003902,3902 Yoritomo,True,resolved
Campai,16879,20016879,16879 Campai,True,resolved
Utesov,5944,20005944,5944 Utesov,True,resolved
Saltis,36614,20036614,36614 Saltis,True,resolved
Kasuga,7674,20007674,7674 Kasuga,True,resolved
Appenzella,1768,20001768,1768 Appenzella,True,resolved
Mallorca,9453,20009453,9453 Mallorca,True,resolved
Demariotte,11968,20011968,11968 Demariotte,True,resolved
Hogarth,12613,20012613,12613 Hogarth,True,resolved
Scylla,155,20000155,155 Scylla,True,resolved
Shearer,11450,20011450,11450 Shearer,True,resolved
Archipenko,6535,20006535,6535 Archipenko,True,resolved
Weigan,18905,20018905,18905 Weigan,True,resolved
Vanschaik,17980,20017980,17980 Vanschaik,True,resolved
Ana Lyons,21560,20021560,21560 Analyons,True,resolved
Ceres,1,20000001,1 Ceres,True,resolved
Sedna,90377,20090377,90377 Sedna,True,resolved
Gonggong,225088,20225088,225088 Gonggong,True,resolved
Eris,136199,20136199,136199 Eris,True,resolved
Quaoar,50000,20050000,50000 Quaoar,True,resolved
Orcus,90482,20090482,90482 Orcus,True,resolved
Makemake,136472,20136472,136472 Makemake,True,resolved
Pluto,134340,20134340,134340 Pluto,True,resolved
Chariklo,10199,20010199,10199 Chariklo,True,resolved
Ocasio-Cortez,23238,20023238,23238 Ocasio-Cortez,True,resolved
Tyson,13123,20013123,13123 Tyson,True,resolved
