name,cohort
Kashiwagi,4
Haruna,3
Barnardiana,2
Heyuan,0
Tmutarakania,1
Chernega,3
Tyndall,0
Kerch,4
Schlegel,4
Laques,0
Bartolucci,3
Oobayashiarata,3
Seydler,4
Ohtani Hiroshi,4
Lozino Lozinskij,4
Kraus,3
Grange,2
Andree,0
John Paul Jones,2
Bleeker,4
Angrogna,3
Blaha,1
Bastei,1
Hildrun,1
Fugaku,1
Schopenhauer,1
Vorarlberg,2
Gutemberga,4
Paulina,4
Bruns Andrej,1
Hohmann,2
Yano,3
Reiki,0
Bredichina,1
Lasorda,0
Rosa Hemphill,4
Arina,4
Delmas,2
Manu Boccuni,0
Ron Neuman,3
Masaryk,3
Aquamarine,3
Deira,1
Waltimyer,2
Svecica,0
van Leverink,0
Rollandia,0
Texereau,1
Tabora,0
Miyama,2
Lub,0
Ucka,4
Garuda,0
Nemsu,4
Goethe,1
Vilyujsk,4
Lysistrata,2
Mons Naklethi,2
Kovalevskaya,3
Tuchkova,3
Roberto Carlos,1
AAS,2
Hedin,4
Amphitrite,2
Hortulana,1
Putignano,0
Mathieu,2
Tito,2
Haidea,3
Veronica Duys,3
Natasha Owen,1
Serkowski,0
Hardy,4
Otthild,1
Baehr,4
Varsavia,0
Ramsden,1
Kazakov,4
Kobresia,1
Mertona,4
Laffan,1
Bustelli,3
Zipfel,0
Tedesco,1
Dagmar,1
Isko,2
Yunnan,0
Botha,0
Gilson,0
Yuan Longping,2
Rhian Jones,4
Jetta,4
Boris Hanin,3
Detre,1
Hayachine,2
Five sparks,4
Hirundo,3
Groeselenberg,2
Tsukuba,2
Tokitada,3
Peshekhonov,1
Batalden,0
Vivek Buch,3
Mizushima,4
Inou Tadataka,4
Xanthus,3
Vietoris,4
Makotoirie,2
Quirk,4
Lallaward,2
Mufson,2
Patrick Jones,4
Yasuhiko,2
Fujimori,1
Vorontsova,0
Tsawout,2
Kallisto,0
Ramanlal,3
Ticha,4
Inagaki,2
Amsterdam,2
Drake,3
Scheherezade,4
Hajdukova,3
Ristenpart,4
Sokolsky,3
McGlothlin,0
Glyn Jones,0
Vaucluse,1
Suncar,3
Betti,0
Rozgaj,2
Lumiere,3
Imakiire,4
Petrarca,3
Byelorussia,4
Nut,0
Dunkerley,2
Vinata,4
Munari,4
Goode,2
Worley,3
Rawson,4
Saragamine,2
Harold Connolly,3
Dominique,4
Delvaux,4
Heizman,4
Viete,0
Duyha,3
Kresilas,3
Wage,4
McGetchin,2
Zita,4
Naegeli,3
Nanette,4
Escalante,1
Barbi Frank,0
Anton Schraut,4
Jon Hodge,4
Teharonhiawako,2
Eckhout,4
Minoyama,1
Godwin,1
Misa,3
Jessica Stahl,2
Mary Cragg,2
Choate,2
John Penna,4
Clasien,4
Evgeny Amosov,4
Bedini,2
Mispagel,0
Aisha,3
Dellen,2
Krat,0
Miune,0
Hodler,0
Ed Stolper,4
Dardanos,2
Hagfors,1
Sodankyla,4
Podarkes,3
Komoda,3
Terni,3
Nelsonia,0
Hencke,3
Pyrrha,0
Gert Finger,0
Chernoby,0
Perth,4
Monica Lazzarin,3
Swissair,0
Nepryadva,1
Nekrasov,1
Aliante,2
Petzval,4
Mutsaers,0
Shigefumi,0
Kromeriz,2
Ray Brown,2
Carl Turner,2
Kollaa,4
Visby,0
Amanda,3
Freeman,0
Ako,1
Prisma,4
Vian,1
Thunberg,2
Tokiko Naruko,1
Hisayo,2
Rozenblyum,4
Berthollet,1
Fallersleben,0
Conrada,1
Kaluga,2
Karoji,1
Jennifer Fritz,3
Khadzhinov,0
Mnemosyne,4
Fast,4
Boliviana,2
Remarque,1
Bobbie Vaile,4
Bertola,3
Massachusetts,0
Mochihito-o,1
Yamada,0
Janine Davis,2
Toulouse-Lautrec,4
Peleus,3
Saheki,1
Icarus,0
Bill Fyfe,3
Shoumen,1
Reasoner,4
Basso,4
Fiorenza,4
Brecher,0
Dibucci,0
Kawane,0
Jules Bordet,1
Hiwatashi,3
Yoko Nomura,3
Iafe,4
Edy Alge,4
Rabinowitz,3
Madeline,3
Merman,2
Hieronymus,3
Yavapai,2
Uchikawa,0
Brehm,4
Thersites,3
Tiflis,0
Allegra,1
Freudenthal,3
Sadowski,3
Helga,2
Gainsborough,2
Jododaira,2
Shandong,3
Danzl,3
Qualytemocrina,4
Yoshi Wat Iso,1
Voloshchuk,0
Sidonia,3
Sphinx,3
Heike,3
Irene,4
Alli Hewlett,3
Petach,3
Kuga,4
Ingwelde,1
Porvoo,4
Jotwani,1
Anaximenes,4
Marjaleena,0
Herzen,1
Sigeki,0
Beatrice Tinsley,4
Milos,0
Bob Bell,0
Stamitz,2
Lapalma,4
Emita,3
Stubbs,0
Fantasia,4
Benckert,1
Poerink,4
Ceraskia,1
Liia,0
Drew Pinsky,2
Bavaria,4
George Alexander,3
Michael Barber,1
Kawakita,1
Bonsdorffia,1
Porthan,1
Masterman,3
Jindra,0
Hermann Weyl,0
Harimaya Bashi,2
Kobe,2
Androgeos,2
Mombasa,4
Hayashi,3
McGill,1
Susan Victoria,0
Hideo Asada,0
Stanislav,3
Quigley,1
Jansky,3
Gerstner,3
Roy Traver,0
Merkord,3
Ariane,1
Gigli,0
Noordung,3
Yasuda,3
Agrius,3
Arosa,1
Eulalia,0
Trogrlic,4
Rameau,3
Geake,4
Augustesen,4
Jenniskens,3
Tartu,0
Piero Angela,0
Kanagawa,1
Peaker,2
David Ying,0
Kharasterteam,1
Gogol,3
Campestris,4
Alison Liu,3
Pecorelli,0
Kellaway,2
Gallagher,1
Matthew Lepow,1
Huenna,2
Aisleen,2
MIT Lincoln,2
Haapavesi,3
Otaru,2
Mcdavid,3
Haruo Mukai,0
Elyu-Ene,1
Hayakawa,3
Srbija,3
Distratis,2
Olathe,0
Montelimar,3
Domegge,2
Bryantsev,3
Hastrup,1
Takaji,1
Hughes,4
Engstrom,0
Matsumoto,2
Vera Lynn,1
Dickens,2
Cheong Ha Park,3
Whitfield,2
Baucis,0
Dickinson,0
Banting,2
Jana Pittichova,4
Magomaev,1
Jenik,1
Kevin Yang,0
Tomsk,4
De Maziere,1
Abilunon,3
Priscus,1
Jacchia,2
Sam Thurman,3
Ponomarev,0
Ciney,3
Morikubo,3
Iku Turso,1
Stevenson,2
Barth,1
Gottesman,4
Majella,2
Bilk,2
Teresa Swiger,1
Tumilty,2
Joy Hines,1
Sette,3
Amenhotep,2
Dobrichovice,4
Cherson,1
Tati,3
Blankenship,0
Crabeels,3
Braille,4
Saskia,1
Malanin,2
Ginsberg,0
Mitaka,2
Froeschle,0
Obruchev,4
Hammonia,4
Buxtehude,1
Seurat,4
Fridolin,1
Somville,4
Formigine,4
Woltjer,0
Vernon,0
Stashis,0
Mari Sandoz,2
Remillieux,0
Forman,0
Shashlov,2
Paijanne,0
Lintingnien,3
Alexey Baran,2
Montevideo,3
Monge,2
Amenemhet,3
Schwob,2
Dalmatin,1
Santana,2
Koptelov,1
McDermott,4
Inanda,0
Pluis,2
Bratijchuk,3
Kalbaugh,3
Dolores,2
Namibia,4
Kamikouchi,0
Doudleby,2
Tsukada,3
Paul Davies,0
Deiphobus,2
Awa,0
Goodricke,1
Gunma,3
Capen,1
Buchroeder,3
Ndola,2
Schuyler,0
Jill Burnett,1
Scheeres,2
Seimei,2
Nao,1
Embla,3
Berenike,0
Guillaume,0
Nico Brenner,4
Lindbloom,2
Wentworth,3
Koukolik,4
Kristi Butler,1
Ravel,2
Kathy Finch,3
Kainar,4
Haydee Phelps,2
Arago,0
Hicklen,0
Tomohiro,1
Hjorter,4
Ashbrook,4
Dommanget,0
Kalinenkov,0
Eriepa,3
Vojno-Yasenetsky,1
Peano,4
Kamil,2
Ivan Tsvetaev,2
Notskas,1
Jubilatrix,4
Farpoint,0
Seillier,0
Walinskia,4
Whitford,0
Herbelin,3
Maril Peters,3
Xenophanes,4
Ninina,1
Elvira,1
Batchelor,0
Babbage,4
Lubeck,1
Miyairi,0
Caslavska,1
Messalina,3
Kissel,2
Edith Muller,1
Pillinger,4
Caverni,0
Gifu,1
Okhotsymskij,1
Sigmund,1
Pelcak,1
Damir,2
Carl Rogers,4
Broz,3
Arroyo,3
Rita,0
Miwa Block,0
Sarah Bounds,1
Swann,4
Beth Ellen,4
Vet,4
Lemay,4
Gorizia,0
Moldavia,4
Lucubratio,1
Martak,4
Bernert,0
Robyn,0
Cristata,2
Camoes,4
Koen,0
Wuhan,3
Barbieri,0
Kiselev,0
Buzinov,4
Thomana,2
Woodard,4
David Wang,4
Shchedrin,2
Quito,4
Kottapalli,1
Karl Heinz,3
Tony Spear,1
Sakiko,1
Burt,1
Salpetriere,2
Foo,3
Pettarin,2
Viscome,4
Phil Nicholson,1
Enescu,0
Piotrovsky,3
Gio,3
Eric Sterken,0
Battiato,2
Adele,1
Leeann Ragasa,1
Plzen,1
Pittosporum,2
Bernard Burke,2
Fred Seares,1
Palzer,0
Brian Taylor,3
Tom Morgan,2
Gene Parker,1
Shin Koyama,1
Rhoneranger,2
Tenojoki,2
Nihon Uchu Forum,2
Somalia,0
Ignatius,4
Cambridge,4
Vargas,3
Daniel Betten,3
Nostalgia,2
Fitzroy,0
Posnania,2
Agelaos,2
Castillo-Rogez,3
Fuser,1
Haydn,3
Osaka,2
Volk,2
Gruss,4
Charton,3
Foshan,2
Miller,3
Langberg,3
Lucifer,1
Tomohisa,1
Tateshina,1
Roger Byrd,4
Khariton,0
Alan Anderson,4
Malva,1
Philip de Jager,3
Fleischer,3
Theresia,4
Gunter Seeber,0
Duke,4
Ogilvie,4
Ocllo,2
Nye,3
Vanessa Spini,4
Ludmilla,0
Tom Cowling,2
Summer Science,3
Sor,0
Lise,3
Henyey,3
Bandersnatch,1
Syuji,4
Sagan,1
Owa,3
Takiguchi,3
Schaifers,2
Manuilova,0
Hollis Johnson,1
Hobetsu,2
DeVeny,0
Ilse,4
Bordovitsyna,1
Kurobe,0
Michael Allen,4
Meibom,4
Wurttemberg,2
Franz Marc,4
Nepoti,2
Galilea,2
Seifert,0
Perth Amboy,2
Chanmugam,0
Khrennikov,4
Burkam,3
Rina Ketty,2
Burkhead,4
Kurchenko,4
Sherlock,3
Chacos,2
Andrew Nowell,2
Huynh-Le,4
MacLean,1
Shukla,4
Hatty Hong,0
Shannon,1
Pullen,3
Queteleta,0
Riverside,2
Mohr,3
Akagi,1
Hainan,1
Jenifer Evans,2
Gil Clark,0
Pia,3
Modra,2
David O'Connor,0
Mazurkiewicz,0
Icarion,2
Taeve,3
Mergler,0
Alvema,3
Kittisvaara,1
Zhao Jiuzhang,4
Shinagawa,2
Asimov,3
Yurij Gromov,3
Calingasta,0
Sidi,4
Muraoka,4
Winifred,1
Nettimi,0
Pordenone,4
Yoshiko,0
Brian Mason,0
Leslie Beh,1
Shuryanka,0
Rhodope,1
Plitchenko,4
KLENOT,0
Akimoto Hiro,4
Costitx,2
Elizabeth Baker,0
Eurydike,1
Wodan,1
Hetherington,4
Clinch,3
Oribe,2
Wacker,2
Jorvik,0
Kumamori,3
Toya,0
Panthoos,4
Horodyskyj,3
Potapov,3
Korinthos,2
Nicholas Rapp,3
Ratai,2
Kakhovka,1
Prinz,4
Andre Ivanov,4
Monier,3
Vasilev,2
Polepeddi,0
Mauritia,0
Lori Bragg,3
Denise Livon,0
Cellarius,3
Gregaria,0
Fireman,2
Vishnevskaya,3
Termain,4
Olmstead,4
Shabas,1
Betankur,3
Antoku,4
Nash,1
Schmoll,2
Titulaer,3
Reiner Stoss,1
Leonmis,1
Luigi Bussolino,0
Horky,0
Mad hatter,1
Spurny,3
Arpigny,0
Minowa,0
Goloseevo,3
Joseph Henry,3
Jessica Miles,2
Akhmerov,0
Heinrich Kayser,3
Altaj,4
Steinmetz,3
Ellyett,4
Lorgat,1
Akira Ohta,1
Boris Alexeev,4
Suzy Amamoto,1
Nolli,0
Mosigkau,4
Sinatra,2
Pilishvili,3
Jensch,0
Piedade,0
Risoldi,1
Rosseven,0
Phegeus,4
Metzger,0
Podosek,1
Brett,1
David Kulka,2
Izenberg,2
Sara,2
Setvak,2
Gordon Su,0
Shura,3
Haug,4
Armenia,2
Tucholsky,1
Davydov,3
Monroe,2
Konovalenko,0
Maehara,2
Chumakov,2
Marilyn,0
Liu,1
Zeldovich,3
Tsumura,2
Sthenelos,4
Wujek,2
Helewalda,0
Hela,2
Hempel,3
Finkelstein,4
Celsius,1
Pezinok,3
Gurnemanz,3
Fraethi,3
Yeates,3
Oze,3
Zhang Yizhong,3
Guetter,1
Kibi,1
Tom Hanks,2
Forsius,2
Diomedes,2
Lodewijk,3
Gretry,2
Zembsch-Schreve,1
Aaron Golden,4
Nagler,3
Chushuho,1
Ipatov,0
Latona,3
Butov,4
Bob Gent,1
Pistoria,1
Ed Schneider,0
Yoshimitsu,2
Nigricollis,3
Kwee,2
John Euller,1
Oleg Bykov,3
Jancis,1
Isa,2
Versailles,2
Chynov,4
Kaverin,2
Arlot,0
Astapovich,2
Fujii Ekio,3
Chen Qian,4
Narahara,4
Takeshima,0
Mutchler,4
Vizbor,1
Tillandz,1
Perrotin,0
Gold,3
Drew,3
Daniel Litt,4
Hans de Rijk,1
Mitau,3
Bauhaus,0
Yuudurunosato,0
Jankovich,3
Kirkland,0
Heard,4
Haumea,2
Pierralba,2
Steven Simpson,1
Fogelin,2
Pollock,1
Zoshchenko,4
Layn Richards,2
Aldrin,0
Runrun Shaw,3
Makover,2
Ruhmkorff,0
Briseis,2
Gulyaev,0
Servius,1
Holasovice,4
Bratfest,1
Klimesh,3
Poul Anderson,1
Oburka,4
Gramme,1
Webster,0
Dodo,4
Wolfgang Pauli,3
Angelica Liu,1
Raissa,2
Saldanha,3
Pitter,4
Terkan,0
Heimlich,3
Sierra,2
Kakabadze,3
Yurlov,3
Pamela Tsai,2
Fuchie,0
Morse,3
Shmakova,0
Bec-Borsenberger,2
Bill Allen,1
Philagoria,1
Semele,3
Fanny,0
Blumenthal,2
Nachbaur,4
Chiardola,0
Chenier,4
Weerstra,0
Kryl,2
Hamura,3
Agafonov,3
Kakinchan,1
McEwen,1
Zoya Mironova,3
Daedalus,3
Akashi,1
Frank Shu,1
Hicks,2
Pachelbel,2
Bergstralh,0
Cosette,0
Frechet,4
Deconihout,1
Leifer,3
Molster,2
Illapa,4
McFarland,1
Benita,2
Rubicon,4
Fennimore,3
Pumma,1
Lubin,4
Cyril Tyson,3
Hoshizawa,2
Brian King,3
Hergiani,0
Lane Cline,4
Funakoshi,3
Waltraut,0
Shakura,2
Vives,1
Schonbein,0
Glasser,4
Arthur Dent,2
Deborah,1
Manyousyu,1
Amanda Nagy,1
Kenwill,4
Italo Calvino,2
Silvretta,0
Jessop,4
Tamao,4
Maureen Bell,2
Stellaris,0
Williwaw,4
Sumerkin,3
Priscilla,2
Yurkanin,1
Jakubisin,3
Patroclus,2
Antigone,0
Susan Smith,1
Noto,2
Zhuhai,4
Bunichi,4
Hibiki,0
Yoji Kondo,1
Ohtaki,3
Linsley,0
Lavonne,1
Fabini,3
Kokkola,2
Fourcroy,1
JinJu Yi,4
Nikolaev,4
Kerstin,2
Larry Smith,1
Valencia,1
Shinken Wada,1
Kuragano,2
Abnoba,2
Santagata,4
Susan Lederer,3
Nunes,1
Ops,4
Ingres,1
Bill Harper,4
Kuma,1
Baur,0
Koikeda,3
Lugduna,1
Druyan,1
Messiaen,0
Stodola,3
Xenophon,4
Byrd,2
Hardister,4
Villarreal,3
Pest,4
Palepu,1
Perry Rose,0
Herberta,1
Viseggi,0
Molchan,3
Baker,4
Yancey,1
Hitchcock,2
Flag Symphony,1
Velez,2
Ronald Sayer,4
Schroter,0
Lothar,4
Krinov,0
Brachyrhynchus,2
Zoser,2
Mundaca,0
Lucienne,1
Slovenija,0
Berenyi,2
Benzenberg,0
Croatia,1
Storeria,1
Niilo,3
Johannes,2
Zelia,1
Yarilo,0
Kenway,1
Althaea,0
Xenia,2
White knight,4
Brunier,4
Harvey,1
Sackler,1
Inoda,1
Satoshi,0
Ishajain,3
Hanskya,2
Mackey,2
Komm,3
Schleiden,4
Dolby,1
Anton Graff,4
Battaglini,0
Neukum,1
Lonnie Linda,4
Tim Warner,1
Mineo Saito,4
Coradini,2
Alex Levin,2
Craig Wallace,4
Cavalieri,3
Houston,0
Izsak,2
Alcathous,2
Marila,4
Kagekatu,4
Savalle,1
Cusinato,2
Makio,2
Scarlatti,3
Kurt Wahl,1
Psyche,3
Lisbeth,0
Weidenschilling,1
Primula,0
YORP,3
Parvulesco,3
Pippa,1
Pergolesi,3
Nerina,0
Muschi,4
Podalirius,1
Anastroda,2
Kindleberger,4
Cagney,1
Miwa,4
Reaves,1
Derevskaya,0
Pryor,0
Kvasnica,4
Greta DeVries,0
Linzia,0
Cowenco,4
Bouchet,3
Buie,1
Gouka,1
Nordlingen,0
Biblioran,3
Kiso,4
Mittlefehldt,1
Marsha Sega,3
Niebuhr,1
Nieuwenhuis,0
Arenda,3
Lully,2
James Hesser,1
Katayama,3
Coleman Hawkins,4
Chaplygin,0
La fiascaia,3
Kemstach,1
Foros,4
Herb Hauptman,4
Link,0
Kasahara,4
Kliment Ohridski,1
Patientia,4
Dick Smith,1
Yoshiya,0
Cambier,2
Kwak,4
Ivanka,3
Bidelman,4
Leavitt,4
Rumoi,2
Geoffrey Woo,1
Grubba,1
Antonio Leone,2
Reiji,1
Yamatai,2
Hopmann,2
Stalingrad,2
CCD,2
Kirghizia,1
Tomatic,3
Balster,2
Katsuno,0
Clapas,3
Holstein,4
Haigha,2
Innanen,3
Poutanen,0
Zvezdotchet,4
Buck Jean,2
Sabrina John,0
Jepe Jacobsen,4
Muraviov,3
Kamel,2
Cogshall,2
Vydra,0
Mineura,0
Yoritomo,3
Campai,2
Utesov,1
Saltis,0
Kasuga,1
Appenzella,0
Mallorca,0
Demariotte,3
Hogarth,4
Scylla,3
Shearer,1
Archipenko,2
Weigan,0
Vanschaik,4
Ana Lyons,4
Ceres,2
Sedna,3
Gonggong,0
Eris,0
Quaoar,0
Orcus,1
Makemake,0
Pluto,4
Chariklo,1
Ocasio-Cortez,3
Tyson,2
